clone_id	barcodes
clonotype1314	FCAImmP7803034-TGCTGCTTCTGTTTGT-1
clonotype1326	FCAImmP7851891-TGCTGCTTCGGTTAAC-1,Human_colon_16S8159186-GCCTCTATCATTTGGG-1
clonotype1365	FCAImmP7803035-AGTGAGGGTAAACACA-1,Human_colon_16S8159186-CATATTCAGTCTCAAC-1
clonotype1373	Human_colon_16S8159186-CGTGTCTTCTTGTACT-1
clonotype1385	FCAImmP7803034-GATTCAGGTCTGATTG-1
clonotype1427	FCAImmP7803035-CCAGCGATCTGTTGAG-1
clonotype1432	FCAImmP7803035-AGCTTGACAAAGTCAA-1,Human_colon_16S8159186-AGTTGGTCATGAAGTA-1
clonotype1436	FCAImmP7803034-GTTACAGTCTCCAGGG-1,FCAImmP7803035-TTCGGTCCATTAACCG-1
clonotype1437	Human_colon_16S8159186-TTCGGTCAGACATAAC-1
clonotype1450	Human_colon_16S8159186-CTTTGCGGTTCCCTTG-1
clonotype1451	FCAImmP7555860-CAAGTTGAGTCGCCGT-1
clonotype1455	FCAImmP7555860-AATCGGTGTCAAACTC-1
clonotype1457	Human_colon_16S8159186-CAGCGACCATGGTCAT-1
clonotype1465	FCAImmP7803035-CATCAGAGTACTTGAC-1
clonotype1466	Human_colon_16S8159186-GGGTTGCAGCCTATGT-1
clonotype1477	FCAImmP7803035-CGCTTCAGTTATCGGT-1
clonotype1479	Human_colon_16S8159186-GTCTCGTGTGCACTTA-1
clonotype1481	FCAImmP7803034-CGGACACAGGGAACGG-1
clonotype1491	FCAImmP7803035-GTGCATACAGCTCGCA-1,Human_colon_16S8159186-CTAGAGTCAACTTGAC-1
clonotype1500	FCA_gut8015061-TCGGTAATCGGAAATA-1
clonotype1507	FCA_gut8015061-ATAAGAGTCAACTCTT-1
clonotype1509	FCAImmP7803034-AGGGTGAAGTAGCGGT-1
clonotype1514	FCAImmP7803034-TAGAGCTGTTACGTCA-1
clonotype1516	FCA_gut8015061-TATCAGGAGGGCATGT-1
clonotype1519	FCA_gut8015061-ACATACGTCTCTAAGG-1
clonotype1522	Human_colon_16S8159186-CAGCATATCATTCACT-1
clonotype1528	FCA_gut8015061-GTTACAGAGATCCTGT-1
clonotype1529	FCA_gut8015061-CCTACACTCTCTAGGA-1
clonotype1530	Human_colon_16S8159186-CATGGCGGTCAATGTC-1
clonotype1532	Human_colon_16S8159186-TCGGGACCATGTTGAC-1
clonotype1534	FCAImmP7803035-AGAGCTTCATTATCTC-1
clonotype1543	FCA_gut8015061-AGAGCGAAGAATGTGT-1
clonotype1544	FCAImmP7803035-GCATGCGTCCGAACGC-1
clonotype1545	FCA_gut8015061-TACGGATGTCACTGGC-1
clonotype1557	Human_colon_16S8159186-ACATACGCAGGATCGA-1
clonotype1562	FCAImmP7579230-AGAGTGGTCCGTACAA-1
clonotype1575	Human_colon_16S8159186-CTCTGGTGTCCGACGT-1
clonotype1580	Human_colon_16S8159186-TAGAGCTTCCCGGATG-1
clonotype1583	FCAImmP7579230-AAGGCAGCACCTGGTG-1,FCAImmP7803034-AAAGATGCATCGGGTC-1,Human_colon_16S8159186-TTTGTCAAGCGATGAC-1
clonotype1584	FCAImmP7803035-AAATGCCCACCATCCT-1,Human_colon_16S8159186-GAAACTCAGTAGGCCA-1
clonotype1638	FCAImmP7292030-CGCTGGATCGAACTGT-1
clonotype1639	FCAImmP7292030-GACACGCAGCAGCCTC-1
clonotype1660	FCAImmP7579230-CGGACGTTCCAGAAGG-1
clonotype1724	FCAImmP7851892-TCGAGGCCACCAACCG-1
clonotype1784	FCAImmP7292030-TGTGGTATCATGTAGC-1,FCAImmP7851894-CGGACACAGATCCTGT-1
clonotype1790	FCA_gut8015061-CTAGTGACAGACGCAA-1,Human_colon_16S8159186-CATGGCGAGCGGATCA-1
clonotype1878	Human_colon_16S8159186-AAAGTAGAGTGGAGTC-1
clonotype2103	FCAImmP7579230-GGTGTTAGTAGCAAAT-1
clonotype2162	FCAImmP7292034-AACTGGTTCCAGTATG-1,FCAImmP7851894-CACCTTGCACGAAAGC-1
clonotype2171	FCAImmP7292034-CGTCACTGTAAACGCG-1,FCA_gut8015061-GGGCATCTCTGATACG-1
clonotype2175	FCA_gut8015061-TGAGAGGAGCTTTGGT-1
clonotype2193	FCAImmP7851890-GAATAAGTCTGGTTCC-1
clonotype2198	FCAImmP7851894-CTTACCGGTATATGGA-1
clonotype2201	FCA_gut8015061-CCACGGAGTACCGGCT-1
clonotype2203	FCA_gut8015061-GTCGGGTTCTCGTATT-1
clonotype2206	FCAImmP7851890-GATCGCGTCCTCCTAG-1
clonotype2212	FCAImmP7851891-GCAAACTTCGTACCGG-1
clonotype2215	FCAImmP7851890-AGCGGTCGTCCCTACT-1
clonotype2228	FCAImmP7851890-AGAGCGAAGTTGTAGA-1
clonotype2236	FCAImmP7851890-ATCTACTAGGATGGTC-1
clonotype2240	FCAImmP7851890-CTCGAAACAAGTTCTG-1
clonotype2245	FCAImmP7851890-TTCTACACAGTCAGCC-1
clonotype2248	FCAImmP7851891-GATGAAACAAGTAATG-1,FCA_gut8015061-TACGGATCAACTGCTA-1
clonotype2251	FCAImmP7851891-CGTTAGAGTTGATTGC-1
clonotype2252	FCA_gut8015061-AGCTCCTCACGTTGGC-1
clonotype2253	FCA_gut8015061-ACGGGCTAGTTCGCAT-1
clonotype2254	FCA_gut8015061-GCATGATTCCTTTCGG-1
clonotype2256	FCAImmP7851891-GGTGAAGTCTTACCTA-1
clonotype2257	FCA_gut8015061-GATGAAACAGTTCCCT-1
clonotype2258	FCAImmP7579230-GACGCGTAGCACACAG-1
clonotype2259	FCAImmP7851891-ACATACGTCATGCAAC-1
clonotype2265	FCAImmP7579230-ACGGAGACAGGGTATG-1
clonotype2268	FCA_gut8015061-AGTGTCACAGACACTT-1
clonotype2277	FCA_gut8015061-GGTGTTAGTGGTCTCG-1
clonotype2278	FCA_gut8015061-TTCTTAGTCCGCGGTA-1
clonotype2280	FCAImmP7579230-AACTTTCGTATCTGCA-1
clonotype2282	FCAImmP7579230-TTTATGCAGTCGAGTG-1
clonotype2283	FCA_gut8015061-TGCCCTAAGGAATTAC-1
clonotype2285	FCAImmP7851891-TCTCATAAGACGCTTT-1
clonotype2292	FCAImmP7579230-GTTTCTACACGTCAGC-1
clonotype2293	FCAImmP7579230-CATGGCGAGCCCAATT-1
clonotype2297	FCA_gut8015061-AAGTCTGGTCATCGGC-1
clonotype2301	FCAImmP7851891-ACATCAGTCTGCTGTC-1
clonotype2306	FCA_gut8015061-GGACGTCTCGTGGACC-1
clonotype2310	FCA_gut8015061-TTTGGTTTCTTGAGAC-1
clonotype2312	FCA_gut8015061-TCACGAAAGAACTCGG-1
clonotype2319	FCAImmP7579230-TCAATCTAGGGTCTCC-1
clonotype2320	FCAImmP7579230-GACGTTACAGTCAGCC-1
clonotype2327	FCAImmP7579230-TCGCGAGCACCTATCC-1,FCA_gut8015061-ACATGGTGTCAAAGAT-1
clonotype2328	FCAImmP7851891-TCGCGTTCACAGACTT-1
clonotype2329	FCAImmP7851891-ACTGAGTTCTGGCGAC-1
clonotype2331	FCAImmP7851891-ACATACGCAAACTGCT-1
clonotype2334	FCAImmP7851891-AGAGCTTGTAGTAGTA-1
clonotype2335	FCA_gut8015061-ATTATCCGTTGAGGTG-1
clonotype2338	FCAImmP7851891-CAGCAGCGTGACGCCT-1
clonotype2343	FCA_gut8015061-TTAGGCATCTTGAGAC-1
clonotype2345	FCA_gut8015061-TACGGTAAGCGTCTAT-1
clonotype2346	FCA_gut8015061-CCCAATCAGTCCTCCT-1
clonotype2351	FCA_gut8015061-ACGGGCTGTCAGAAGC-1
clonotype2355	FCA_gut8015061-GAAACTCCAGACAAAT-1
clonotype2358	FCAImmP7851891-ACGTCAATCTCAAACG-1
clonotype2360	FCA_gut8015061-ACAGCCGTCATGGTCA-1
clonotype2362	FCAImmP7851891-CGTGTAACAAGCTGTT-1
clonotype2365	FCA_gut8015061-CAACTAGGTCATCCCT-1
clonotype2366	FCAImmP7851891-ACTGTCCGTCCAAGTT-1,FCA_gut8015061-TCAGCAAGTCTGCCAG-1
clonotype2367	FCAImmP7851891-CAGCGACAGTAGATGT-1
clonotype2369	FCA_gut8015061-CTGCCTAAGTGCTGCC-1
clonotype2371	FCAImmP7579230-ACGCCAGTCTGGCGAC-1,FCA_gut8015061-CGATTGATCTGCTTGC-1
clonotype2372	FCA_gut8015061-TTCCCAGTCCGCGTTT-1
clonotype2388	FCA_gut8015061-CCCAGTTTCTGCAAGT-1
clonotype2393	FCAImmP7579230-CTAATGGGTCTCTTAT-1
clonotype2395	FCA_gut8015061-GACCAATTCAATAAGG-1
clonotype2396	FCA_gut8015061-GCGCCAACAATCCAAC-1
clonotype2397	FCA_gut8015061-GCAATCAGTCTGATCA-1
clonotype2398	FCA_gut8015061-GTAACTGGTGATGTCT-1
clonotype2399	FCA_gut8015061-AGCTCTCAGTGGAGTC-1
clonotype2400	FCAImmP7851891-GACGCGTAGACGCTTT-1
clonotype2404	FCAImmP7851891-AGTGAGGGTACCTACA-1,FCA_gut8015061-CTGCTGTAGACTGTAA-1
clonotype2409	FCAImmP7579230-GTATCTTTCAGGTTCA-1
clonotype2412	FCAImmP7851891-GCGACCAAGGCAAAGA-1
clonotype2417	FCA_gut8015061-CTCGAGGCACGTCTCT-1
clonotype2419	FCA_gut8015061-TTTGCGCAGCCACCTG-1
clonotype2433	FCAImmP7579230-TACCTATTCACTCCTG-1
clonotype2440	FCA_gut8015061-ACACCCTAGAGTTGGC-1
clonotype2441	FCA_gut8015061-ATAGACCTCCGAATGT-1
clonotype2443	FCA_gut8015061-CGCGTTTTCTGCAGTA-1
clonotype2446	FCA_gut8015061-CACACTCAGTTAAGTG-1
clonotype2448	FCA_gut8015061-CGTGTCTAGCCAGTTT-1
clonotype2455	FCA_gut8015061-AACTCCCTCTGCCCTA-1
clonotype2458	FCA_gut8015061-CATCCACTCAGGCGAA-1
clonotype2461	FCA_gut8015061-GTAGTCAAGCCTTGAT-1
clonotype2462	FCA_gut8015061-AGGGTGAGTAGCTTGT-1
clonotype2463	FCA_gut8015061-ATCTACTCAAGCGCTC-1
clonotype2464	FCA_gut8015061-ACACTGATCTTGCCGT-1
clonotype2465	FCAImmP7851893-CGTCTACTCATCTGCC-1
clonotype2467	FCA_gut8015061-CAACCAATCGAACTGT-1
clonotype2468	FCAImmP7851893-CAGCTGGTCCACTGGG-1,FCA_gut8015061-ATCTACTCAGTCCTTC-1
clonotype2469	FCA_gut8015061-TATTACCTCATCTGTT-1
clonotype2486	FCAImmP7851893-CGAACATCAATGGATA-1
clonotype2487	FCAImmP7851893-TGCCCATCACTATCTT-1
clonotype2488	FCA_gut8015061-CTCCTAGGTGTTTGTG-1
clonotype2489	FCA_gut8015061-CTGCCTAGTTCCCGAG-1
clonotype2490	FCAImmP7851893-GGATGTTTCAACACCA-1
clonotype2491	FCAImmP7851893-TTGGAACAGGCAAAGA-1
clonotype2496	FCAImmP7851893-CATGACATCCTCGCAT-1
clonotype2497	FCA_gut8015061-CGTTAGAGTTCGCTAA-1
clonotype2498	FCA_gut8015061-TCGTACCGTGTCCTCT-1
clonotype2500	FCAImmP7851893-CATTCGCCACAAGCCC-1
clonotype2502	FCA_gut8015061-CGTCACTCACCCATTC-1
clonotype2508	FCA_gut8015061-ACTGAGTCAGCCTTTC-1
clonotype2509	FCAImmP7851893-AACTCAGAGCTCCCAG-1
clonotype2511	FCAImmP7851893-GTGCATAAGCTAGTGG-1
clonotype2514	FCA_gut8015061-GGAGCAAGTTGAACTC-1
clonotype2518	FCA_gut8015061-AAATGCCGTTGGTTTG-1
clonotype2520	FCA_gut8015061-AGCGTCGCAACGCACC-1
clonotype2521	FCA_gut8015061-TACGGTAAGCGGATCA-1
clonotype2523	FCA_gut8015061-TCAACGACAGGCTCAC-1
clonotype2527	FCAImmP7851893-GTGCTTCTCCGGGTGT-1
clonotype2528	FCAImmP7851893-TGTCCCAGTACGCACC-1,FCA_gut8015061-GTGGGTCCAGCAGTTT-1
clonotype2529	FCA_gut8015061-CCTATTAAGGACTGGT-1
clonotype2538	FCA_gut8015061-ACGGGTCAGAATGTTG-1
clonotype2539	FCAImmP7851893-ACTGTCCGTTAGTGGG-1
clonotype2540	FCAImmP7851893-CACACCTGTAGAGCTG-1
clonotype2546	FCAImmP7851893-AAAGCAACATTATCTC-1
clonotype2549	FCAImmP7851893-CTAATGGCAAGAAGAG-1,FCA_gut8015061-TGTGTTTCAGGGTTAG-1
clonotype2550	FCA_gut8015061-CCTTCCCCAATAGCAA-1
clonotype2555	FCAImmP7851893-CCCAATCGTCAACTGT-1
clonotype2559	FCAImmP7851893-AAGACCTCACGTCAGC-1
clonotype2565	FCA_gut8015061-TTTGCGCTCTGTACGA-1
clonotype2566	FCA_gut8015061-CACACTCGTCCGCTGA-1
clonotype2579	FCAImmP7851893-GGTGAAGAGAGAACAG-1,FCA_gut8015061-AGTGTCAAGGACCACA-1
clonotype2581	FCA_gut8015061-CTCAGAAGTAGGGACT-1
clonotype2582	FCAImmP7851893-GTAACTGCAATGAATG-1
clonotype2592	FCAImmP7851895-CGATGGCAGGAGCGTT-1
clonotype2595	FCAImmP7851895-CTGAAGTGTAGTAGTA-1,FCA_gut8015061-GAAGCAGAGACGCTTT-1
clonotype2607	FCAImmP7851893-ATAACGCTCTTCATGT-1
clonotype2613	FCAImmP7851893-CTGATCCGTCAAAGCG-1
clonotype2618	FCAImmP7292030-CTAGTGAAGTACGTAA-1,FCAImmP7851892-GTGCAGCAGAAGGGTA-1
clonotype2627	FCAImmP7292030-TTCTTAGAGAGACGAA-1
clonotype2630	FCAImmP7851892-TCTTCGGCATGCATGT-1
clonotype2632	FCAImmP7851893-CGCGTTTGTTCTGAAC-1,FCAImmP7851895-CGTTAGATCTGGTTCC-1
clonotype2638	FCAImmP7851893-TGGCTGGTCGGAGGTA-1
clonotype2639	FCA_gut8015061-TGCGGGTGTGCTTCTC-1
clonotype2640	FCA_gut8015061-CTGCCTATCTTCATGT-1
clonotype2647	FCAImmP7851892-CTCTGGTGTGTTTGGT-1
clonotype2655	FCAImmP7292030-GCATGCGTCTGCTGCT-1,FCAImmP7851893-TGGCTGGCATACTACG-1
clonotype2656	FCAImmP7292030-GTATCTTCACGAAAGC-1
clonotype2658	FCAImmP7292030-AAAGCAAAGCAGACTG-1
clonotype2662	FCAImmP7292030-CACATAGCAATGGACG-1,FCAImmP7851894-CTCAGAATCTGTTGAG-1
clonotype2668	FCAImmP7292030-GTCATTTTCGTCCAGG-1
clonotype2673	FCAImmP7851894-GCGCGATTCTTAACCT-1
clonotype2701	FCAImmP7851893-TTTGTCAGTGGTGTAG-1,FCAImmP7851894-CGGCTAGGTGCGGTAA-1
clonotype2702	FCAImmP7851892-CCACCTATCAACGGGA-1,FCAImmP7851894-TAGAGCTAGTATCTCG-1
clonotype2715	FCAImmP7292030-CGCTGGAAGCCGCCTA-1
clonotype2730	FCAImmP7851894-TCTCTAAGTTTAGCTG-1
clonotype2744	FCAImmP7292030-TTCTACAGTATGAAAC-1
clonotype2745	FCAImmP7292030-GGCGACTCATTCACTT-1
clonotype2764	FCAImmP7851892-TACAGTGGTAAATGAC-1
clonotype2765	FCAImmP7851892-GATGAAATCAGTCCCT-1,FCAImmP7851894-TTGCCGTAGCCAACAG-1
clonotype2766	FCAImmP7851892-GCGCCAAAGGGATACC-1,FCAImmP7851893-CGTCAGGGTTCCTCCA-1,FCAImmP7851894-AAAGATGCATTAGCCA-1
clonotype2781	FCAImmP7851895-CTGCCTACAAGCGTAG-1
clonotype2784	FCAImmP7292034-AACTTTCCAAGTAGTA-1
clonotype2880	FCAImmP7851895-GCATGCGAGATCCTGT-1
clonotype2886	FCAImmP7851893-ATCTACTTCACCGGGT-1
clonotype2901	FCAImmP7292030-GACTAACTCCGAAGAG-1
clonotype2907	FCAImmP7292030-CTAGAGTAGCACCGCT-1
clonotype2915	FCAImmP7851892-GTGCAGCAGCGCTTAT-1,FCAImmP7851894-GTGCGGTCATTAGCCA-1
clonotype2955	FCAImmP7292030-AACTCAGCACGAGAGT-1
clonotype2994	FCAImmP7851890-TCGGTAAGTCTCCATC-1
clonotype2995	FCAImmP7292030-TTCTCCTTCCAAAGTC-1,FCAImmP7292034-CTTAACTCAGGCAGTA-1
clonotype3015	FCAImmP7851895-TTCCCAGCAAGCCGCT-1
clonotype3041	FCAImmP7851894-GTGTTAGCAAGGTTTC-1,FCAImmP7851895-ATTGGTGTCCAATGGT-1
clonotype3050	FCAImmP7851894-TGTATTCTCTAAGCCA-1,FCAImmP7851895-AGGGTGAAGACTGTAA-1
clonotype3061	FCAImmP7292034-TCAGGTATCAGTCAGT-1
clonotype3065	FCAImmP7851890-GCAGTTACATTCTCAT-1,FCAImmP7851894-CACATAGTCAGGATCT-1
clonotype3069	FCAImmP7292034-AGCCTAACAGTTCCCT-1
clonotype3089	FCAImmP7292034-CTCAGAAGTCAACTGT-1,FCAImmP7851894-AACGTTGCAATGACCT-1
clonotype3102	FCAImmP7292030-AGTGTCATCGTAGGAG-1
clonotype3116	FCAImmP7851890-TGATTTCGTGAGGGTT-1
clonotype3132	FCAImmP7292030-ACAGCCGTCGCATGAT-1
clonotype3139	FCAImmP7851894-AGTGAGGCATAGTAAG-1
clonotype3143	FCAImmP7292034-CTCAGAAAGTGAATTG-1
clonotype3145	FCAImmP7851891-GAGGTGAGTTACCGAT-1
clonotype3151	FCAImmP7292034-GAGGTGACACGACTCG-1
clonotype3189	FCAImmP7292030-GAATAAGCATCGATGT-1,FCAImmP7851893-GTTACAGGTAGCGTAG-1
clonotype3192	FCAImmP7851893-AAACCTGGTTAAGACA-1
clonotype3209	FCAImmP7851891-GATCGTACATATACGC-1
clonotype3215	FCAImmP7851893-ACTGAGTGTACCGCTG-1
clonotype3216	FCAImmP7292034-AAACGGGAGCGATATA-1
clonotype3226	FCAImmP7851891-TCGCGAGCAGACTCGC-1
clonotype3227	FCAImmP7851891-CCTACACAGTTGTAGA-1
clonotype3230	FCAImmP7292034-TTTCCTCTCTGAAAGA-1
clonotype3231	FCAImmP7851891-GCTGGGTGTGGTGTAG-1
clonotype3237	FCAImmP7292034-GCTCCTATCTCGGACG-1
clonotype3244	FCAImmP7292034-GGCGTGTTCCCAAGAT-1
clonotype3248	FCAImmP7292034-GCCAAATAGAGCTGGT-1
clonotype3250	FCAImmP7851891-CCTTCGAAGCTCTCGG-1
clonotype3251	FCAImmP7292034-TCAGATGGTTCACGGC-1,FCAImmP7851893-CTCGTCATCTTAACCT-1
clonotype3253	FCAImmP7292034-ACGATGTTCGCCAAAT-1
clonotype3256	FCAImmP7292034-ACCAGTAAGGGTCTCC-1
clonotype3259	FCAImmP7292034-CTCACACGTTGGTAAA-1
clonotype3265	FCAImmP7292034-TAAGCGTCAGATCGGA-1
clonotype3273	FCAImmP7292034-CGCTGGACACCAACCG-1
clonotype3278	FCAImmP7851893-CTAATGGTCAGTTAGC-1
clonotype3280	FCAImmP7851893-CTCAGAACAAAGAATC-1
clonotype3282	FCAImmP7851893-TGACTTTGTACTCGCG-1
clonotype3284	FCAImmP7851893-GTTACAGGTCCATCCT-1
clonotype3289	FCAImmP7851891-AACTCTTTCTCAAGTG-1
clonotype3296	FCAImmP7851893-AATCGGTCACCATCCT-1
clonotype3301	FCAImmP7851893-AAACGGGTCACGACTA-1
clonotype3304	FCAImmP7851893-ATTGGACAGTCGATAA-1
clonotype3305	FCAImmP7851891-GGTGTTAAGGGTTTCT-1
clonotype3314	FCAImmP7851893-ACTTGTTTCGTAGATC-1
clonotype3320	FCAImmP7851892-CGGACTGAGTCGATAA-1
clonotype3325	FCAImmP7851892-GGAGCAATCCCGGATG-1
clonotype3328	FCAImmP7851891-GTCGTAATCCGTCATC-1
clonotype3331	FCAImmP7851893-ACTGATGGTTCTGTTT-1
clonotype3334	FCAImmP7851892-AAGGCAGAGTAGATGT-1
clonotype3341	FCAImmP7851892-GCGCGATGTCATACTG-1
clonotype3343	FCAImmP7851893-GACTAACGTCCTCTTG-1
clonotype3344	FCAImmP7851893-GGAGCAAGTTGTCTTT-1
clonotype3347	FCAImmP7851893-AGTGAGGCACAAGACG-1
clonotype3351	FCAImmP7851892-AAATGCCGTTGAACTC-1
clonotype3353	FCAImmP7851893-CATCAGATCGACAGCC-1
clonotype3356	FCAImmP7851893-TTTGGTTTCCTGTACC-1
clonotype3357	FCAImmP7851893-CTGAAGTCACCAGGTC-1
clonotype3358	FCAImmP7851893-TCAGGATGTGTCTGAT-1
clonotype3359	FCAImmP7851891-TTGGAACTCAACACAC-1
clonotype3360	FCAImmP7851891-TTGACTTAGCAACGGT-1
clonotype3361	FCAImmP7851895-GTCCTCAAGAAACGAG-1
clonotype3362	FCAImmP7851891-ATCTACTAGGTGTGGT-1
clonotype3363	FCAImmP7851893-TAGACCAGTGCAACTT-1
clonotype3364	FCAImmP7851895-GATGCTATCTAAGCCA-1
clonotype3368	FCAImmP7851893-GGCAATTAGCTACCTA-1
clonotype3369	FCAImmP7851893-AACACGTAGGGTTTCT-1,FCAImmP7851895-ACACCAATCTCGAGTA-1
clonotype3371	FCAImmP7851891-CAACTAGAGGATGGAA-1
clonotype3376	FCAImmP7851893-TAGAGCTCACATTTCT-1
clonotype3381	FCAImmP7851892-TCCACACAGGTGATAT-1
clonotype3388	FCAImmP7851893-TTTGCGCTCACAGGCC-1
clonotype3389	FCAImmP7851895-GCATGTAGTATTAGCC-1
clonotype3392	FCAImmP7851893-AGCTTGAGTTATCCGA-1
clonotype3394	FCAImmP7851893-TGCGTGGCAGTACACT-1
clonotype3401	FCAImmP7851895-ACGGGTCTCAATACCG-1
clonotype3413	FCAImmP7851891-TCATTACTCCATGAAC-1
clonotype3419	FCAImmP7851895-GTACGTAAGCACCGCT-1
clonotype3421	FCAImmP7851894-TTGCCGTCATGCAATC-1
clonotype3422	FCAImmP7851891-AACTCAGCAGCTTCGG-1,FCAImmP7851893-TGATTTCTCCAAACTG-1
clonotype3423	FCAImmP7851891-TACCTATAGACTCGGA-1
clonotype3426	FCAImmP7851894-AGTCTTTCACATTCGA-1
clonotype3442	FCAImmP7851891-ATCCGAAAGCCACGTC-1
clonotype3477	FCAImmP7851892-GATCGTAAGACGCACA-1
clonotype3478	FCAImmP7851894-GGACAGAGTCTTGTCC-1
clonotype3490	FCAImmP7851894-TAGGCATCACCTGGTG-1
clonotype3491	FCAImmP7851894-AACTTTCTCAGCGATT-1
clonotype3497	FCAImmP7851895-TTAGGCATCGGAAATA-1
clonotype3498	FCAImmP7851894-ACGTCAAAGCGTCAAG-1
clonotype3506	FCAImmP7851892-CTCATTACACATGGGA-1,FCAImmP7851895-ACTGAACAGGCATTGG-1
clonotype3507	FCAImmP7851894-GTGCTTCAGGTAGCCA-1
clonotype3510	FCAImmP7851894-AGATTGCGTGCACGAA-1
clonotype3515	FCAImmP7851894-ATAAGAGTCGAGCCCA-1
clonotype3521	FCAImmP7851894-GCAGCCACAACGATCT-1
clonotype3525	FCAImmP7851894-GTCTCGTAGGATGGAA-1
clonotype3528	FCAImmP7851892-TACGGATAGTGACATA-1
clonotype3549	FCAImmP7851893-GACCAATCAGACTCGC-1
clonotype3557	FCAImmP7851895-ACACTGATCGGATGGA-1
clonotype3567	FCAImmP7851895-CCTTCGAGTGTGACCC-1
clonotype3569	FCAImmP7851894-GCACATAAGCGTTGCC-1
clonotype3576	FCAImmP7851892-GTATCTTCACCAGTTA-1
clonotype3580	FCAImmP7851893-CACAGGCGTTAGAACA-1
clonotype3591	FCAImmP7851895-AAGTCTGCATCGGTTA-1
clonotype3597	FCAImmP7851893-TACCTATTCAATCTCT-1
clonotype3600	FCAImmP7851894-CCCTCCTCATGTCTCC-1
clonotype3602	FCAImmP7851895-CTGAAACCAAGGACAC-1
clonotype3607	FCAImmP7851894-CTGTGCTCATTAGCCA-1
clonotype3609	FCAImmP7851892-TTCCCAGGTTAAGGGC-1
clonotype3614	FCAImmP7851892-TGCCAAATCTGGCGTG-1
clonotype3619	FCAImmP7851895-TGGTTCCAGTCTTGCA-1
clonotype3631	FCAImmP7851894-AGTCTTTTCGTATCAG-1
clonotype3632	FCAImmP7851894-CGCTGGAAGTAACCCT-1
clonotype3640	FCAImmP7292030-GCATGATGTTATCCGA-1,FCAImmP7851894-CATCCACTCATGCTCC-1
clonotype3645	FCAImmP7851893-GATCAGTGTCAAAGAT-1
clonotype3647	FCAImmP7292030-GTGTTAGTCTAGAGTC-1
clonotype3648	FCAImmP7851894-AAGGTTCGTTCCAACA-1
clonotype3651	FCAImmP7851894-TCAGCAATCTTAGCCC-1
clonotype3652	FCAImmP7292030-CACAAACAGACCACGA-1
clonotype3658	FCAImmP7851894-CATATTCAGCTGGAAC-1
clonotype3659	FCAImmP7292030-CGCTGGAAGAAGGCCT-1
clonotype3660	FCAImmP7292030-GATCGATGTGAGGCTA-1
clonotype3663	FCAImmP7851894-TTCCCAGTCGTCTGCT-1
clonotype3666	FCAImmP7851894-GGATGTTGTGTAAGTA-1
clonotype3667	FCAImmP7851894-ACTGAACGTGCCTTGG-1
clonotype3669	FCAImmP7292030-TTCTCAATCCAAGCCG-1
clonotype3671	FCAImmP7851894-GGTATTGTCCGAGCCA-1
clonotype3673	FCAImmP7851894-AATCGGTGTAGTAGTA-1
clonotype3674	FCAImmP7851894-TAAGAGACATTACCTT-1
clonotype3675	FCAImmP7851894-ACACCGGCAGGTGCCT-1
clonotype3678	FCAImmP7851894-CGTGAGCAGACAGACC-1
clonotype3679	FCAImmP7292030-TTGGCAAAGATCTGAA-1
clonotype3682	FCAImmP7292030-TCATTTGAGCTATGCT-1
clonotype3685	FCAImmP7292030-CAAGTTGTCGCATGGC-1
clonotype3687	FCAImmP7292030-TACCTATTCTAACTGG-1
clonotype3689	FCAImmP7851890-TACGGGCAGATTACCC-1
clonotype3691	FCAImmP7851890-CGCGTTTAGGTACTCT-1
clonotype3693	FCAImmP7851893-TGCCCTATCCGGCACA-1
clonotype3695	FCAImmP7292030-CGAGAAGCATTTGCCC-1
clonotype3698	FCAImmP7292030-GGGTTGCAGGCTCTTA-1
clonotype3701	FCAImmP7851890-TTAGGACTCACATACG-1
clonotype3702	FCAImmP7851890-ACACTGACAGTAAGCG-1
clonotype3705	FCAImmP7851890-GGCAATTGTCCGTGAC-1
clonotype3709	FCAImmP7292030-CAAGATCGTATAGTAG-1
clonotype3711	FCAImmP7292030-GGCGACTGTCAGTGGA-1
clonotype3715	FCAImmP7851890-CGGACTGGTACAGACG-1
clonotype3720	FCAImmP7292030-CAAGATCTCGTTGCCT-1
clonotype3721	FCAImmP7292030-ACTGAACGTTACCAGT-1
clonotype3727	FCAImmP7292030-TATCAGGGTAACGACG-1
clonotype3733	FCAImmP7292030-GAGCAGACAAGAAAGG-1
clonotype3796	FCAImmP7851895-CTCGGAGAGGGCATGT-1
clonotype3801	FCAImmP7292030-GCTGGGTAGAATAGGG-1
clonotype3803	FCAImmP7292030-GGACATTTCGGTGTTA-1
clonotype3805	FCAImmP7851895-AGCTCTCCACCGTTGG-1
clonotype3821	FCAImmP7292034-CGCTTCAAGATGTCGG-1
clonotype3843	FCAImmP7851895-CCTTACGTCGCGATCG-1
clonotype3845	FCAImmP7292034-ACCAGTACAACCGCCA-1
clonotype3851	FCAImmP7292030-GGTATTGAGCAGCCTC-1
clonotype3861	FCAImmP7292034-GACCTGGAGTCATCCA-1
clonotype3862	FCAImmP7851892-CGTGTCTTCGTGACAT-1
clonotype3877	FCAImmP7292034-GGCTGGTAGAGTTGGC-1
clonotype3894	FCAImmP7292034-CAGTAACCATTCGACA-1
clonotype3903	FCAImmP7292034-AGGCCACGTCACCCAG-1,FCAImmP7851892-TGGCGCAAGACGCAAC-1
clonotype3913	FCAImmP7292034-ACTTACTAGGCTACGA-1
clonotype3925	FCAImmP7292030-CGTCCATGTAGATTAG-1
clonotype3926	FCAImmP7292034-GCCTCTAGTCGTCTTC-1
clonotype3928	FCAImmP7292034-CATATGGCATACAGCT-1
clonotype3940	FCAImmP7292034-TACTCATTCCGGGTGT-1,FCAImmP7851890-CCATTCGGTCATGCAT-1
clonotype3942	FCAImmP7851892-GAAATGATCGCATGAT-1
clonotype3943	FCAImmP7292030-CGTCACTGTTTGACAC-1
clonotype3945	FCAImmP7292034-CCTAGCTCAAGCTGGA-1
clonotype3947	FCAImmP7292030-TGTATTCGTAGCGTGA-1
clonotype3948	FCAImmP7851890-GAGTCCGCATTAGGCT-1
clonotype3967	FCAImmP7292034-AACCATGCATGCGCAC-1
clonotype3982	FCAImmP7292030-ATAGACCCAGTCAGCC-1,FCAImmP7851891-GAACATCTCGATAGAA-1
clonotype3985	FCAImmP7851895-GTACTTTAGAAGGACA-1
clonotype3993	FCAImmP7292030-TAAGTGCCAAGGGTCA-1
clonotype3996	FCAImmP7292030-GTCAAGTCATCCCACT-1
clonotype4001	FCAImmP7292034-CGCGGTATCGCAAACT-1
clonotype4004	FCAImmP7292034-CTACATTAGCTAGGCA-1
clonotype4005	FCAImmP7292034-CTGGTCTTCCGGGTGT-1
clonotype4006	FCAImmP7851895-CTCGAAACAGTCTTCC-1
clonotype4009	FCAImmP7851894-AATCCAGTCCAGAAGG-1
clonotype4013	FCAImmP7292030-AGGTCCGCACAGGCCT-1
clonotype4026	FCAImmP7292030-CTGATCCCATGCCACG-1
clonotype4029	FCAImmP7292034-CAGCTAACATCCAACA-1,FCAImmP7851891-AGCCTAACACTGTCGG-1
clonotype4032	FCAImmP7292034-TGAGCCGCACACCGAC-1
clonotype4039	FCAImmP7292030-TAGCCGGAGCAGACTG-1
clonotype4041	FCAImmP7292030-ACACCAAAGTGTACCT-1
clonotype4045	FCAImmP7292030-CCTCAGTGTTACCGAT-1
clonotype4050	FCAImmP7292030-TGAGCATCACAGAGGT-1
clonotype4051	FCAImmP7292034-GTGCAGCCAGCCACCA-1
clonotype4052	FCAImmP7292030-ACGCAGCGTCTAGCGC-1
clonotype4058	FCAImmP7292034-GTATCTTCAATGGAAT-1
clonotype4061	FCAImmP7292034-TCAGGTATCGTGGACC-1
clonotype4063	FCAImmP7292034-GGCTCGACAGTCAGCC-1
clonotype4064	FCAImmP7292030-ATGAGGGCAAAGCGGT-1
clonotype4067	FCAImmP7292034-TGACTAGTCTTGTTTG-1
clonotype4068	FCAImmP7292030-CGGACGTCACACGCTG-1
clonotype4079	FCAImmP7292030-ATCTACTTCTAGAGTC-1
clonotype4080	FCAImmP7292030-TGTGTTTTCTCCGGTT-1
clonotype4082	FCAImmP7851891-TGCGGGTTCCAGAGGA-1
clonotype4083	FCAImmP7292034-GGACAAGAGATGGCGT-1
clonotype4084	FCAImmP7292034-GCGCAGTCAGTCAGCC-1
clonotype4086	FCAImmP7292030-ATTCTACGTACATCCA-1
clonotype4088	FCAImmP7292030-TGTGTTTCACCTATCC-1
clonotype4095	FCAImmP7292034-GATTCAGGTCCTCTTG-1
clonotype4096	FCAImmP7292034-TCCCGATGTATAGGGC-1
clonotype4097	FCAImmP7292034-AGTCTTTAGATACACA-1
clonotype4099	FCAImmP7851891-GTGCGGTCACTTGGAT-1
clonotype4101	FCAImmP7292034-CGTCTACCATCGATTG-1
clonotype4102	FCAImmP7292034-AATCCAGTCAGCTCGG-1
clonotype4103	FCAImmP7292034-TCGAGGCTCTTGAGGT-1
clonotype4106	FCAImmP7292034-GAAATGAAGGATGGTC-1
clonotype4107	FCAImmP7292034-CATATTCGTCTCTTAT-1
clonotype4108	FCAImmP7292034-TGCGTGGGTGATGTCT-1
clonotype4114	FCAImmP7292034-CATCGAACATCACCCT-1
clonotype4115	FCAImmP7292034-CGTGTAACAAAGGCGT-1
clonotype4118	FCAImmP7292034-TGAGCATGTACGCACC-1
clonotype4125	FCAImmP7292034-CAACCAACACGACGAA-1
clonotype4126	FCAImmP7292034-ATCTGCCGTATCGCAT-1
clonotype4127	FCAImmP7851891-CGAGCACCAATGGACG-1
clonotype4128	FCAImmP7292034-TTGCCGTAGTGCAAGC-1
clonotype4129	FCAImmP7292034-AGTAGTCGTAAACGCG-1
clonotype4130	FCAImmP7292034-GATCGATCACCAGCAC-1
clonotype4131	FCAImmP7292034-GACGTGCGTTGATTGC-1
clonotype4132	FCAImmP7292034-CTCGGGATCTTCGAGA-1
clonotype4139	FCAImmP7292034-AGACGTTTCTCGTATT-1
clonotype4141	FCAImmP7292034-TAGGCATAGATGGGTC-1
clonotype4142	FCAImmP7292034-CGCTATCGTCTCTCGT-1
clonotype4143	FCAImmP7851891-CGTCACTAGTGTTGAA-1
clonotype4144	FCAImmP7292034-CACTCCAGTCGCGGTT-1
clonotype4146	FCAImmP7292034-GGTGAAGCATGTAAGA-1
clonotype4148	FCAImmP7292034-GGAATAATCTACTTAC-1
clonotype4150	FCAImmP7292034-TCCCGATTCTGGGCCA-1
clonotype4151	FCAImmP7292034-GAAATGAGTCGAACAG-1
clonotype4152	FCAImmP7292034-CCTACCAAGAAGCCCA-1
clonotype4153	FCAImmP7292034-TAAGAGAAGGCGTACA-1
clonotype4162	FCAImmP7292034-CTAATGGGTTATCGGT-1
clonotype4165	FCAImmP7292034-TGGTTAGTCAAAGACA-1
clonotype4173	FCAImmP7851891-CGGCTAGTCATACGGT-1
clonotype4184	FCAImmP7851891-CTCCTAGCAGCCAGAA-1
clonotype4185	FCAImmP7851891-TGTCCCAGTTTGGCGC-1
clonotype4189	FCAImmP7851891-GCAAACTAGCAATCTC-1
clonotype4195	FCAImmP7851891-CCTTACGAGTATCTCG-1
clonotype4201	FCAImmP7851891-CTGCTGTCATCGGGTC-1
clonotype4213	FCAImmP7851891-ACGGCCACATTTCAGG-1
clonotype4214	FCAImmP7851891-CACTCCATCGGCCGAT-1
clonotype4216	FCAImmP7851891-TGAGCCGGTGCAGTAG-1
clonotype4218	FCAImmP7851891-CTGCGGAAGAAGGACA-1
clonotype4220	FCAImmP7851890-AGCGTCGCACGGACAA-1
clonotype4222	FCAImmP7851891-TGGTTCCAGAATTCCC-1
clonotype4231	FCAImmP7851890-TCGTAGAGTAGGGTAC-1
clonotype4233	FCAImmP7851891-GACTGCGGTACTCAAC-1
clonotype4234	FCAImmP7851891-TAGTGGTGTTGCTCCT-1
clonotype4236	FCAImmP7851891-CCTCTGAGTAAGGGCT-1
clonotype4238	FCAImmP7851891-CGTCTACAGATGTCGG-1
clonotype4239	FCAImmP7851890-GGCGACTTCGCAAACT-1
clonotype4251	FCAImmP7851890-CTGATAGAGGCTAGGT-1
clonotype4254	FCAImmP7851890-CTTGGCTTCCTCAACC-1
clonotype4255	FCAImmP7851891-TCGCGAGTCACGATGT-1
clonotype4258	FCAImmP7851891-TGGTTCCTCCTTTACA-1
clonotype4260	FCAImmP7851890-CGAGCACAGTCGCCGT-1
clonotype4263	FCAImmP7851891-GCCTCTAAGACTAAGT-1
clonotype4267	FCAImmP7851890-CCTAAAGTCAACCATG-1
clonotype4268	FCAImmP7851890-AATCCAGTCGCCGTGA-1
clonotype4275	FCAImmP7851890-CGACCTTAGGTGCTAG-1
clonotype4285	FCAImmP7851890-TGGGCGTAGCCACGCT-1
clonotype4287	FCAImmP7851890-CATCAAGCACATGACT-1
clonotype4289	FCAImmP7851890-AGAGTGGGTCACCTAA-1
clonotype4299	FCAImmP7851890-CATTATCAGCTGGAAC-1
clonotype4300	FCAImmP7851890-TTTGGTTTCCCGGATG-1
clonotype4301	FCAImmP7851890-CATCAGAGTCGATTGT-1
clonotype4303	FCAImmP7851890-ACCCACTAGTGATCGG-1
clonotype4306	FCAImmP7851890-TTAACTCGTCTGGTCG-1
clonotype4307	FCAImmP7851890-CGTCTACCACCTCGTT-1
clonotype4309	FCAImmP7851890-CGGAGTCTCCAAACTG-1
clonotype4311	FCAImmP7851890-CCACCTAGTTAGTGGG-1
clonotype4313	FCAImmP7851890-AGATCTGCAGGATTGG-1
clonotype4321	FCAImmP7851890-GCTTCCATCAAACGGG-1
clonotype4322	FCAImmP7851890-GTTCTCGTCTTGGGTA-1
clonotype4325	FCAImmP7851890-AAGACCTAGGGAAACA-1
clonotype4328	FCAImmP7851890-TATGCCCCAGGGTATG-1
clonotype4332	FCAImmP7851890-ATGTGTGAGCATGGCA-1
clonotype4335	FCAImmP7851890-TGACTAGCACCCAGTG-1
clonotype4336	FCAImmP7851890-CGATCGGCACCTATCC-1
clonotype4339	FCAImmP7851890-CACATAGGTCTTGCGG-1
clonotype4340	FCAImmP7851890-AGCTCTCGTTGTGGCC-1
clonotype4341	FCAImmP7851890-TACCTATGTCTCAACA-1
clonotype4343	FCAImmP7851890-TATCAGGCACTATCTT-1
clonotype4345	FCAImmP7851890-GGCTGGTCACGGTAAG-1
clonotype4348	FCAImmP7851890-ACGGCCATCAACGAAA-1
clonotype4352	FCAImmP7851890-GGGAGATAGTGAATTG-1
clonotype4353	FCAImmP7851890-CTCGTACTCTTGTTTG-1
clonotype4421	FCAImmP7292030-CGACCTTCAGACAAGC-1
clonotype4422	FCAImmP7292030-AGATCTGCATACGCCG-1
clonotype4423	FCAImmP7292030-CACACTCCACGGATAG-1
clonotype4424	FCAImmP7292030-GCAGTTAAGACTTTCG-1
clonotype4425	FCAImmP7292030-AACCATGTCACCCGAG-1
clonotype4426	FCAImmP7292030-TCACGAAGTAATCACC-1
clonotype4429	FCAImmP7292030-ATTCTACAGGGCTTGA-1
clonotype4432	FCAImmP7292030-CCGTTCAAGGATGGAA-1
clonotype4433	FCAImmP7292030-TAGTTGGAGACAAAGG-1
clonotype4434	FCAImmP7292030-CGTAGGCAGAAGGACA-1
clonotype4435	FCAImmP7292030-TCGGGACCACATAACC-1
clonotype4436	FCAImmP7292030-ACTTGTTGTGAGGGTT-1
clonotype4437	FCAImmP7292030-GACGCGTTCACAGTAC-1
clonotype4438	FCAImmP7292030-GTCCTCACACCGTTGG-1
clonotype4440	FCAImmP7292030-CTTCTCTGTCGAGTTT-1
clonotype4442	FCAImmP7292030-TAAGAGACATATACGC-1
clonotype4444	FCAImmP7292030-GATGAGGGTTCGTTGA-1
clonotype4445	FCAImmP7292030-CTACGTCAGGAATGGA-1
clonotype4446	FCAImmP7292030-GTCACAACAGGGCATA-1
clonotype4447	FCAImmP7292030-TTTGGTTAGCTAAGAT-1
clonotype4452	FCAImmP7292030-CTTTGCGGTGTAAGTA-1
clonotype4453	FCAImmP7292030-CTACATTCAGCTCCGA-1
clonotype4455	FCAImmP7292030-TGGTTAGGTGGCCCTA-1
clonotype4456	FCAImmP7292030-ATAACGCAGGGTTTCT-1
clonotype4457	FCAImmP7292030-CAAGGCCTCAACACCA-1
clonotype4458	FCAImmP7292030-GTAGGCCAGCAGCCTC-1
clonotype4459	FCAImmP7292030-TGCCCTACACGGTTTA-1
clonotype4462	FCAImmP7292030-TTTACTGCACCAGTTA-1
clonotype4463	FCAImmP7292030-ATGAGGGCACGCGAAA-1
clonotype4469	FCAImmP7292030-CCGTGGAAGTAATCCC-1
clonotype4470	FCAImmP7292030-CCTAAAGGTGAGGGTT-1
clonotype4474	FCAImmP7292030-CAACCAATCGCAAGCC-1
clonotype4475	FCAImmP7292030-ACGCCAGTCACTGGGC-1
clonotype4480	FCAImmP7292030-GGTGCGTGTGAGTGAC-1
clonotype4483	FCAImmP7292034-AGTGTCAAGAGATGAG-1
clonotype4489	FCAImmP7292034-TTGGAACAGTACTTGC-1
clonotype4490	FCAImmP7851890-TCGAGGCAGTATCGAA-1
clonotype4493	FCAImmP7292030-CGTTAGATCGCAGGCT-1
clonotype4494	FCAImmP7292034-ATTATCCGTTTGACAC-1
clonotype4501	FCAImmP7851890-GATGAAAGTTTAGGAA-1
clonotype4503	FCAImmP7292030-GAGGTGACACACAGAG-1
clonotype4505	FCAImmP7851890-CGATTGATCCAAATGC-1
clonotype4508	FCAImmP7292034-GTGCGGTCATACTCTT-1
clonotype4511	FCAImmP7292034-TGAGCATAGCGATAGC-1
clonotype4513	FCAImmP7292030-CTTCTCTTCAGTTTGG-1
clonotype4514	FCAImmP7292030-TGAAAGATCAACACCA-1
clonotype4515	FCAImmP7292030-TACGGTAGTAGAGGAA-1
clonotype4518	FCAImmP7292030-AGCTCTCCACTGTTAG-1
clonotype4523	FCAImmP7292034-TACACGACAATTGCTG-1,FCAImmP7851891-GCTGCAGGTACTTAGC-1
clonotype4528	FCAImmP7292034-TCTCTAACACTTCGAA-1
clonotype4530	FCAImmP7292030-ACTTGTTGTGCCTGTG-1
clonotype4533	FCAImmP7292034-TGCGGGTTCGGCATCG-1
clonotype4534	FCAImmP7292034-TAGGCATCACACTGCG-1
clonotype4535	FCAImmP7292030-ATTGGTGGTCAGGACA-1
clonotype4537	FCAImmP7292034-ATCTGCCAGCAGCGTA-1
clonotype4539	FCAImmP7292034-GGCGTGTGTGGAAAGA-1
clonotype4541	FCAImmP7292034-TGCGTGGCAATCTGCA-1
clonotype4543	FCAImmP7851891-TGGGAAGAGACTGGGT-1
clonotype4544	FCAImmP7292034-CAGAGAGTCCGTAGTA-1
clonotype4548	FCAImmP7292034-CTACACCAGGAACTGC-1
clonotype4555	FCAImmP7292034-CCTACACGTTCGTGAT-1
clonotype4556	FCAImmP7292034-GATGCTAGTACGCACC-1
clonotype4558	FCAImmP7292030-CGGGTCAAGAACAATC-1
clonotype4559	FCAImmP7292034-TTAGGACCAGCTGTAT-1
clonotype4564	FCAImmP7292030-GACGTGCAGAAACCGC-1
clonotype4565	FCAImmP7292030-CATATGGCACCGATAT-1
clonotype4567	FCAImmP7292030-CGATTGACATCCTAGA-1
clonotype4568	FCAImmP7292030-TGTATTCTCGCCTGAG-1
clonotype4571	FCAImmP7292034-GAATAAGTCAGATAAG-1
clonotype4573	FCAImmP7292034-GTGCAGCCAAGTCTGT-1
clonotype4574	FCAImmP7292034-CTTGGCTGTGTTGGGA-1
clonotype4577	FCAImmP7292030-TCGAGGCCATACTACG-1
clonotype4580	FCAImmP7292034-ACACCCTAGTAGTGCG-1
clonotype4581	FCAImmP7292034-GTTACAGCACGGTAAG-1,FCAImmP7851891-GCGGGTTGTGATAAGT-1
clonotype4583	FCAImmP7292030-TCGTAGATCTGATTCT-1
clonotype4584	FCAImmP7851891-CTTGGCTCAACTGGCC-1
clonotype4588	FCAImmP7292034-CCCTCCTAGTGTGGCA-1
clonotype4600	FCAImmP7851891-CGTTGGGAGTACATGA-1
clonotype4603	FCAImmP7292034-TCTATTGGTTTGACTG-1
clonotype4604	FCAImmP7851890-GTTTCTACACAGAGGT-1
clonotype4606	FCAImmP7292030-TTCTCCTTCCAAGCCG-1
clonotype4615	FCAImmP7292030-CTCTAATTCTGCTGTC-1
clonotype4618	FCAImmP7292030-ACGCCGAGTGCGATAG-1
clonotype4623	FCAImmP7292034-ACCAGTATCGAGAGCA-1
clonotype4626	FCAImmP7292034-GACTAACGTACAGTGG-1
clonotype4628	FCAImmP7851891-GCAATCACAAAGGCGT-1
clonotype4635	FCAImmP7292034-GGGTTGCTCAGAGGTG-1
clonotype4636	FCAImmP7292030-ATCCACCTCTCGCATC-1
clonotype4638	FCAImmP7292034-CACAGGCGTCAAGCGA-1
clonotype4639	FCAImmP7292034-CGCGGTAGTTTGTTTC-1
clonotype4641	FCAImmP7292034-CGTGAGCGTTGTCTTT-1
clonotype4644	FCAImmP7292030-CTCACACCAGTATCTG-1
clonotype4645	FCAImmP7292030-AAGCCGCAGGCATGTG-1
clonotype4646	FCAImmP7292034-CCTCAGTCAACTGCGC-1
clonotype4647	FCAImmP7292034-GACGTTACATAGACTC-1
clonotype4650	FCAImmP7292030-TTAACTCGTATAATGG-1
clonotype4651	FCAImmP7292034-TTTATGCCACAACGCC-1
clonotype4655	FCAImmP7292034-CTCGAAACAATGGACG-1
clonotype4657	FCAImmP7292030-GTTCGGGAGTAGGTGC-1
clonotype4661	FCAImmP7292034-CCGTGGACAGTGGAGT-1
clonotype4669	FCAImmP7292034-ACGGGTCCACCAGATT-1
clonotype4670	FCAImmP7292034-TCAGGATTCGGTGTTA-1
clonotype4671	FCAImmP7292034-GATGCTATCGTAGATC-1
clonotype4672	FCAImmP7292030-CGGTTAATCCCATTAT-1
clonotype4673	FCAImmP7292034-ACGAGCCAGAGGGATA-1
clonotype4674	FCAImmP7292030-CGCTTCAGTAAAGGAG-1
clonotype4678	FCAImmP7292030-TACTCATGTAAACGCG-1
clonotype4679	FCAImmP7292030-TCAGGATGTCAGCTAT-1
clonotype4680	FCAImmP7292030-CATTCGCAGGCATGTG-1
clonotype4681	FCAImmP7292030-AGAATAGAGGGAAACA-1
clonotype4683	FCAImmP7292030-TGGGCGTTCTGATTCT-1
clonotype4684	FCAImmP7292030-CAGCGACAGTGGGCTA-1
clonotype4691	FCAImmP7292030-CCCATACGTCTGGAGA-1
clonotype4692	FCAImmP7292030-TAGAGCTGTAGGAGTC-1
clonotype4696	FCAImmP7292030-CTGTGCTAGCCGATTT-1
clonotype4697	FCAImmP7292030-TCTCATAAGTACGATA-1
clonotype4698	FCAImmP7292030-CTGCGGAGTCTCCACT-1
clonotype4699	FCAImmP7292030-ATAGACCAGCAGACTG-1
clonotype4700	FCAImmP7292030-AAGCCGCGTCATATCG-1
clonotype4702	FCAImmP7292030-GAACCTATCCTCGCAT-1
clonotype4703	FCAImmP7292030-GACTAACTCGCTGATA-1
clonotype4779	FCAImmP7851891-GACTGCGAGTTGAGTA-1
clonotype4784	FCAImmP7851891-AAGGTTCCATATGAGA-1
clonotype4786	FCAImmP7851891-TGACGGCGTAAAGGAG-1
clonotype4787	FCAImmP7851891-GTGTGCGAGTACCGGA-1
clonotype4790	FCAImmP7851891-TCATTTGCATAGTAAG-1
clonotype4791	FCAImmP7851891-GGATGTTTCGAATCCA-1
clonotype4793	FCAImmP7851891-GTAGTCAGTTAAGATG-1
clonotype4794	FCAImmP7851891-GAGTCCGAGACAGGCT-1
clonotype4796	FCAImmP7851891-GAATGAATCTTAGCCC-1
clonotype4797	FCAImmP7851891-AAGCCGCCATCACGAT-1
clonotype4802	FCAImmP7851891-TAGACCAGTATCACCA-1
clonotype4804	FCAImmP7851891-CGCTGGACACTTGGAT-1
clonotype4806	FCAImmP7851891-ATTATCCAGACGCTTT-1
clonotype4812	FCAImmP7292034-TGCCCTAAGCGTGAGT-1
clonotype4813	FCAImmP7292034-CTGCCTATCATGTCTT-1
clonotype4816	FCAImmP7851891-GCTTCCATCTGGTATG-1
clonotype4817	FCAImmP7292034-GTACTTTAGACACTAA-1
clonotype4818	FCAImmP7292034-ACTTGTTGTAAACACA-1
clonotype4820	FCAImmP7851891-ACTTGTTGTACAAGTA-1
clonotype4822	FCAImmP7292034-TGCTACCGTGGCGAAT-1
clonotype4823	FCAImmP7292034-CGTCCATAGGTACTCT-1
clonotype4824	FCAImmP7851891-AACCGCGAGAGTAATC-1
clonotype4826	FCAImmP7292034-AGCTCTCTCTGTCTAT-1
clonotype4830	FCAImmP7292034-GTGCATATCGTCACGG-1
clonotype4831	FCAImmP7292034-CCACTACAGTGTTTGC-1
clonotype4838	FCAImmP7292034-CCGTACTAGGAGTAGA-1
clonotype4839	FCAImmP7292034-CGAGCACAGCTATGCT-1
clonotype4840	FCAImmP7851891-CTCACACCACGGCGTT-1
clonotype4841	FCAImmP7292034-GGGAATGAGCTAAACA-1
clonotype4842	FCAImmP7292034-CTTGGCTGTGCACCAC-1
clonotype4843	FCAImmP7292034-GATTCAGGTACATCCA-1
clonotype4845	FCAImmP7292034-GTGTTAGCACTTCTGC-1
clonotype4846	FCAImmP7292034-AACCGCGTCTTGACGA-1
clonotype4847	FCAImmP7292034-TTGCGTCCATAGTAAG-1
clonotype4851	FCAImmP7851891-ATCCGAAAGGTGCTTT-1
clonotype4852	FCAImmP7292034-ACCGTAATCATCGATG-1
clonotype4856	FCAImmP7292034-TGTGTTTAGGACACCA-1
clonotype4857	FCAImmP7292034-AGGTCCGTCTCTTGAT-1
clonotype4858	FCAImmP7292034-AGCTTGACATTAGGCT-1
clonotype4859	FCAImmP7292034-CCCAATCCATCGGGTC-1
clonotype4863	FCAImmP7292034-CATGACAGTATCAGTC-1
clonotype4864	FCAImmP7292034-TAAACCGAGCAGATCG-1
clonotype4865	FCAImmP7292034-GTGCAGCTCACCTTAT-1
clonotype4866	FCAImmP7292034-GGTGTTAAGATGTGGC-1
clonotype4867	FCAImmP7292034-TCAGATGGTCACACGC-1
clonotype4869	FCAImmP7292034-ACTTACTAGTTGTCGT-1
clonotype4870	FCAImmP7292034-TCGGGACAGTTCGCAT-1
clonotype4871	FCAImmP7292034-TGCCCTAAGTACGACG-1
clonotype4873	FCAImmP7292034-GCTGCTTCATCCCACT-1
clonotype4877	FCAImmP7292034-CTAGCCTAGGTGCAAC-1
clonotype4879	FCAImmP7292034-TCAGGATTCGCGTTTC-1
clonotype4880	FCAImmP7292034-CCTAAAGGTACCGAGA-1
clonotype4881	FCAImmP7292034-TACTCGCAGCGTTTAC-1
clonotype4882	FCAImmP7292034-GAGGTGAAGCCGGTAA-1
clonotype4883	FCAImmP7292034-AGCGTATTCACCTTAT-1
clonotype4884	FCAImmP7292034-CATCGGGGTCCTCTTG-1
clonotype4892	FCAImmP7292030-GTACTCCTCCGAGCCA-1
clonotype4893	FCAImmP7292030-CTCTAATAGCAACGGT-1
clonotype4894	FCAImmP7292030-CAGCAGCAGCTAGCCC-1
clonotype4895	FCAImmP7292030-CACCACTTCCGCAGTG-1
clonotype4896	FCAImmP7292030-GGAATAAGTCGAGTTT-1
clonotype4897	FCAImmP7292030-CGTTGGGCAAAGGCGT-1
clonotype4900	FCAImmP7292030-CAACCAACAGGACCCT-1
clonotype4901	FCAImmP7292030-CACATTTGTGGACGAT-1
clonotype4902	FCAImmP7292030-AACTGGTTCATGTCTT-1
clonotype4904	FCAImmP7292030-CGTCCATAGAAGATTC-1
clonotype4905	FCAImmP7292030-GACGCGTTCTGATTCT-1
clonotype4908	FCAImmP7292030-CGTAGGCTCACTCTTA-1
clonotype4911	FCAImmP7292030-TGAGGGACACTTAACG-1
clonotype4914	FCAImmP7292030-CCACGGATCGCATGAT-1
clonotype4919	FCAImmP7292030-CGTAGCGGTTTGACAC-1
clonotype4920	FCAImmP7292030-CGCTATCTCCGAAGAG-1
clonotype4924	FCAImmP7292030-TCAGGTACACAGACAG-1
clonotype4929	FCAImmP7292030-GTACGTACATGAGCGA-1
clonotype4930	FCAImmP7292030-GTAGGCCTCTGGTGTA-1
clonotype4931	FCAImmP7292030-TGAGAGGCAGTGGGAT-1
clonotype4932	FCAImmP7292030-ACATCAGTCCTCGCAT-1
clonotype4936	FCAImmP7292030-TACCTATGTCGAGTTT-1
clonotype4937	FCAImmP7292030-AACTCAGGTACGAAAT-1
clonotype4938	FCAImmP7292030-ACATACGGTTATCCGA-1
clonotype4939	FCAImmP7292030-TTTGTCAGTGACTCAT-1
clonotype4943	FCAImmP7292030-ATCGAGTAGGAGTAGA-1
clonotype4944	FCAImmP7292030-CGGTTAAGTGTGGTTT-1
clonotype4946	FCAImmP7292030-CGTCCATAGGGAAACA-1
clonotype4948	FCAImmP7292030-TACACGACACGAAAGC-1
clonotype4950	FCAImmP7292030-CGTTGGGTCTCTAAGG-1
clonotype4951	FCAImmP7292030-GATCGATTCCGCAGTG-1
clonotype4952	FCAImmP7292030-GGATTACAGTGCCAGA-1
clonotype4953	FCAImmP7292030-CTCTACGCACCCAGTG-1
clonotype4956	FCAImmP7851891-GATGAAATCCCATTTA-1
clonotype4957	FCAImmP7851891-TAGAGCTAGACCTAGG-1
clonotype4959	FCAImmP7292030-CTGATCCTCTTTACAC-1
clonotype4961	FCAImmP7851891-CGGACACAGTCACGCC-1
clonotype4964	FCAImmP7292030-GAACATCAGGTCGGAT-1
clonotype4966	FCAImmP7292034-GCATGCGCATTCCTGC-1
clonotype4969	FCAImmP7292034-TCATTTGCAGACAAGC-1
clonotype4974	FCAImmP7292030-CTCGGGAGTTAAGTAG-1
clonotype4976	FCAImmP7292030-GGGCACTTCAATAAGG-1
clonotype4977	FCAImmP7292034-ACAGCCGCATTCTCAT-1
clonotype4983	FCAImmP7292034-CATCCACCACGGTAGA-1
clonotype4986	FCAImmP7292034-ATCCACCAGCTCTCGG-1
clonotype4991	FCAImmP7292030-AGAATAGAGACTTTCG-1
clonotype4993	FCAImmP7292030-CCGTTCACATGGTAGG-1
clonotype4996	FCAImmP7292030-TGGCCAGAGCAGATCG-1
clonotype4997	FCAImmP7292030-AGATCTGTCTCGCTTG-1
clonotype4998	FCAImmP7292030-CTACCCAAGTAGATGT-1
clonotype5000	FCAImmP7292030-TTCTCAACATCCGGGT-1
clonotype5001	FCAImmP7292030-GTTAAGCTCGTCCGTT-1
clonotype5003	FCAImmP7292030-CTCGTCAAGCACCGCT-1
clonotype5005	FCAImmP7292030-GTTCGGGTCTGTACGA-1
clonotype5006	FCAImmP7292030-AATCGGTAGACCACGA-1
clonotype5007	FCAImmP7292030-ATTCTACTCAGCATGT-1
clonotype5011	FCAImmP7292030-TCTATTGTCACCGTAA-1
clonotype5012	FCAImmP7292030-TGACGGCAGGACTGGT-1
clonotype5013	FCAImmP7292030-ATTCTACCAACTGCTA-1
clonotype5014	FCAImmP7292030-GGGACCTGTATAGTAG-1
clonotype5015	FCAImmP7292030-GGGATGACAGCTGGCT-1
clonotype5016	FCAImmP7292030-ACTATCTGTGAGCGAT-1
clonotype5019	FCAImmP7292034-GGGTTGCGTAGCTCCG-1
clonotype5020	FCAImmP7292030-CTCTACGAGAGACTTA-1
clonotype5021	FCAImmP7292030-GACGCGTAGTGACATA-1
clonotype5026	FCAImmP7292034-AAGCCGCCATTAGGCT-1
clonotype5040	FCAImmP7292034-ACCTTTACAACTGCGC-1
clonotype5041	FCAImmP7292034-GATCGTAGTAATTGGA-1
clonotype5042	FCAImmP7292034-TATCTCACACATGGGA-1
clonotype5055	FCAImmP7292034-CGTTAGATCTTGTATC-1
clonotype5056	FCAImmP7292034-CTACCCACACAAGACG-1
clonotype5057	FCAImmP7292034-TCAGGTAAGACTAGGC-1
clonotype5059	FCAImmP7292034-GCTGGGTAGTGCCATT-1
clonotype5068	FCAImmP7292034-ACATACGTCCAAACAC-1
clonotype5069	FCAImmP7292034-CACCACTCAATAAGCA-1
clonotype5075	FCAImmP7292034-GACACGCTCGAACGGA-1
clonotype5077	FCAImmP7292034-ATAACGCTCCGCGCAA-1
clonotype5078	FCAImmP7292034-ATGAGGGCAGTCCTTC-1
clonotype5085	FCAImmP7292034-GTGTTAGTCAGTGTTG-1
clonotype5086	FCAImmP7292034-GACGGCTGTCTAAAGA-1
clonotype5117	FCAImmP7292030-GGATGTTAGGTGCTAG-1
clonotype5118	FCAImmP7292030-TACTCATCAACCGCCA-1
clonotype5119	FCAImmP7292030-CTGGTCTCAAGACGTG-1
clonotype5121	FCAImmP7292030-CTAGCCTGTTGTCTTT-1
clonotype5123	FCAImmP7292030-GACAGAGAGCCGATTT-1
clonotype5124	FCAImmP7292030-AATCGGTGTTCCACAA-1
clonotype5125	FCAImmP7292030-CGTCAGGTCCTTGGTC-1
clonotype5128	FCAImmP7292030-TGCTACCAGTGTTGAA-1
clonotype5131	FCAImmP7292030-CTTAGGATCATTCACT-1
clonotype5132	FCAImmP7292030-CCACGGATCTTGTCAT-1
clonotype5134	FCAImmP7292030-CGTGTCTCAATTCCTT-1
clonotype5135	FCAImmP7292030-CGTAGCGAGTCGCCGT-1
clonotype5139	FCAImmP7292030-GAAGCAGTCCTTTACA-1
clonotype5142	FCAImmP7292030-TACGGTATCCTTGCCA-1
clonotype5145	FCAImmP7292030-AGGGAGTAGAGTACAT-1
clonotype5146	FCAImmP7292030-TAAGTGCGTATAATGG-1
clonotype5150	FCAImmP7292030-GGAAAGCGTCCTGCTT-1
clonotype5152	FCAImmP7292030-TTGTAGGGTATATGGA-1
clonotype5153	FCAImmP7292030-CACACTCAGGCAGGTT-1
clonotype5155	FCAImmP7292030-GACCTGGAGTGTACGG-1
clonotype5157	FCAImmP7292030-TTGACTTGTCGCTTTC-1
clonotype5158	FCAImmP7292030-CAGTAACGTCTAGTGT-1
clonotype5161	FCAImmP7292030-CGACTTCGTCTAGTCA-1
clonotype5162	FCAImmP7292030-TGGTTCCCACGGACAA-1
clonotype5170	FCAImmP7292030-TGGCGCAAGCCCGAAA-1
clonotype5171	FCAImmP7292030-TAGGCATCAGGGCATA-1
clonotype5172	FCAImmP7292030-AGCCTAAGTAAGGGCT-1
clonotype5173	FCAImmP7292030-AGCTCTCAGTTCGCGC-1
clonotype5220	FCAImmP7292030-CTACGTCTCACCTCGT-1
clonotype5222	FCAImmP7292030-CCGGGATTCACCACCT-1
clonotype5224	FCAImmP7292030-TGACTTTTCATGCAAC-1
clonotype5228	FCAImmP7292030-GGACAAGGTAGTACCT-1
clonotype5229	FCAImmP7292030-AGCCTAACACGTCAGC-1
clonotype5232	FCAImmP7292030-CAAGGCCTCACGCATA-1
clonotype5234	FCAImmP7292030-GACTGCGGTGATGCCC-1
clonotype5235	FCAImmP7292030-TGGGCGTCACGCTTTC-1
clonotype5237	FCAImmP7292030-TGCACCTGTTATCACG-1
clonotype5238	FCAImmP7292030-CATCGGGAGAATGTTG-1
clonotype5240	FCAImmP7292030-TCTCTAAAGGGTCGAT-1
clonotype5241	FCAImmP7292030-GGCGACTAGACCCACC-1
clonotype5243	FCAImmP7292030-CAGAGAGGTTACGTCA-1
clonotype5244	FCAImmP7292030-GTCACGGCAGTGGGAT-1
clonotype5245	FCAImmP7292030-CGATGTAAGACAGACC-1
clonotype5248	FCAImmP7292030-AAACGGGTCGACGGAA-1
clonotype5266	FCAImmP7292030-GTACTTTAGCCTTGAT-1
clonotype5267	FCAImmP7292030-CCTCTGATCCTTTCGG-1
clonotype5268	FCAImmP7292030-CTTAACTAGGCCCTTG-1
clonotype5269	FCAImmP7292030-GATCTAGCAGGAACGT-1
clonotype5272	FCAImmP7292030-TGCCCTAGTGCCTGGT-1
clonotype5273	FCAImmP7292030-TACGGATGTCACAAGG-1
clonotype5282	FCAImmP7292030-TGCCCTAGTATATCCG-1
clonotype5284	FCAImmP7292030-TCTGAGATCATCTGCC-1
clonotype5288	FCAImmP7292030-TAGCCGGCACTTGGAT-1
clonotype5289	FCAImmP7292030-GTATTCTAGACTACAA-1
clonotype5295	FCAImmP7292030-GGTATTGCAGCTTAAC-1
clonotype5296	FCAImmP7292030-GGGAATGGTCCAGTGC-1
clonotype5298	FCAImmP7292030-CTCATTACACTCAGGC-1
clonotype5304	FCAImmP7292030-GTGCATATCTTCGAGA-1
clonotype5305	FCAImmP7292030-TCTCTAATCGCGCCAA-1
clonotype5313	FCAImmP7292030-CCACTACAGTGTGAAT-1
clonotype5315	FCAImmP7292030-GGCTGGTTCTGCAGTA-1
clonotype726	FCAImmP7803035-TGATTTCTCTCATTCA-1
clonotype782	FCAImmP7803035-TACTTACCACGAGGTA-1
clonotype800	FCA_gut8015061-CTAGTGATCGTAGATC-1
clonotype808	FCAImmP7803035-GATCAGTCATTGTGCA-1
clonotype810	FCAImmP7803034-CGTTGGGCAACGATCT-1,FCA_gut8015061-AGCATACCAGGGTATG-1
clonotype813	FCA_gut8015061-TGTGTTTCAATGAATG-1,Human_colon_16S8159186-TCTCTAACACCAGTTA-1
clonotype814	FCAImmP7803034-TCAGGTAAGATCCGAG-1,FCAImmP7803035-GCGGGTTGTACAAGTA-1
clonotype816	FCAImmP7803034-TGCCAAATCTCTTATG-1,Human_colon_16S8159186-CGTGTCTGTAGTAGTA-1
clonotype821	FCAImmP7803025-TGCCCTAGTTCTCATT-1,FCAImmP7803035-ACCAGTATCAAAGTAG-1,Human_colon_16S8159186-CGTAGCGGTGCCTTGG-1
clonotype850	FCAImmP7579231-TCACAAGAGAATGTGT-1,FCAImmP7803025-AACTGGTTCACCACCT-1
clonotype869	FCAImmP7803035-GCCTCTAAGAATAGGG-1
clonotype900	FCA_gut8015061-GTCAAGTGTGCCTTGG-1
clonotype903	Human_colon_16S8159186-CTCGGGAGTGTAATGA-1
clonotype910	FCAImmP7555860-GAGCAGAGTGATAAGT-1,FCAImmP7803034-CTGGTCTCAGCTTCGG-1
